rms_distance,accuracy,auc,c,eta
0.014402043560909352,0.8,0.87658,0.13636363636363624,0.7909090909090909
0.03471287247441854,0.983,0.9981639999999998,0.6818181818181817,0.44545454545454544
0.06271880287633262,0.998,0.999988,0.40909090909090895,0.44545454545454544
0.11488307949014304,0.998,0.999996,-0.40909090909090917,1.8272727272727274
0.2284308729452532,1.0,1.0,-1.5,1.8272727272727274
